{"cameraMode":{"drawMode":0,"name":"Shaded","section":"Shading Mode"},"sceneLighting":false,"audioPlay":false,"sceneViewState":{"showFog":true,"showMaterialUpdate":false,"showSkybox":true,"showFlares":true,"showImageEffects":true,"showParticleSystems":true},"in2DMode":false,"pivot":{"x":-7.226837635040283,"y":4.656002521514893,"z":-5.00479793548584},"rotation":{"x":0.09724648296833039,"y":-0.6854423880577087,"z":0.09306230396032334,"w":0.7156977653503418},"size":5.685611724853516,"orthographic":false}