{"cameraMode":{"drawMode":0,"name":"Shaded","section":"Shading Mode"},"sceneLighting":false,"audioPlay":false,"sceneViewState":{"showFog":true,"showMaterialUpdate":false,"showSkybox":true,"showFlares":true,"showImageEffects":true,"showParticleSystems":true},"in2DMode":false,"pivot":{"x":-5.224262714385986,"y":2.50180983543396,"z":22.318050384521486},"rotation":{"x":-0.25132349133491518,"y":0.6173688769340515,"z":-0.21326427161693574,"w":-0.7146931290626526},"size":5.685611248016357,"orthographic":false}