{"cameraMode":{"drawMode":0,"name":"Shaded","section":"Shading Mode"},"sceneLighting":false,"audioPlay":false,"sceneViewState":{"showFog":true,"showMaterialUpdate":false,"showSkybox":true,"showFlares":true,"showImageEffects":true,"showParticleSystems":true},"in2DMode":false,"pivot":{"x":-3.5304007530212404,"y":5.472997665405273,"z":-3.8549113273620607},"rotation":{"x":0.4416978359222412,"y":-0.4719937741756439,"z":0.29663988947868349,"w":0.7030275464057922},"size":1.8000571727752686,"orthographic":false}