{"cameraMode":{"drawMode":0,"name":"Shaded","section":"Shading Mode"},"sceneLighting":false,"audioPlay":false,"sceneViewState":{"showFog":true,"showMaterialUpdate":false,"showSkybox":true,"showFlares":true,"showImageEffects":true,"showParticleSystems":true},"in2DMode":false,"pivot":{"x":148.74122619628907,"y":-10.902290344238282,"z":20.39511489868164},"rotation":{"x":-0.004465935286134481,"y":0.9816325306892395,"z":-0.19210973381996156,"w":-0.0065480247139930729},"size":56.12897872924805,"orthographic":false}