{"cameraMode":{"drawMode":0,"name":"Shaded","section":"Shading Mode"},"sceneLighting":false,"audioPlay":false,"sceneViewState":{"showFog":true,"showMaterialUpdate":false,"showSkybox":true,"showFlares":true,"showImageEffects":true,"showParticleSystems":true},"in2DMode":false,"pivot":{"x":-3.5401155948638918,"y":8.07160758972168,"z":24.051185607910158},"rotation":{"x":-0.00453919405117631,"y":0.9823428988456726,"z":-0.18769606947898866,"w":-0.006570782046765089},"size":3.2044618129730226,"orthographic":false}