{"cameraMode":{"drawMode":0,"name":"Shaded","section":"Shading Mode"},"sceneLighting":false,"audioPlay":false,"sceneViewState":{"showFog":true,"showMaterialUpdate":false,"showSkybox":true,"showFlares":true,"showImageEffects":true,"showParticleSystems":true},"in2DMode":false,"pivot":{"x":9.175939559936524,"y":-2.853015899658203,"z":5.9626994132995609},"rotation":{"x":0.12015913426876068,"y":0.2858741581439972,"z":-0.03941497579216957,"w":0.9499530792236328},"size":18.376916885375978,"orthographic":false}