{"cameraMode":{"drawMode":0,"name":"Shaded","section":"Shading Mode"},"sceneLighting":false,"audioPlay":false,"sceneViewState":{"showFog":true,"showMaterialUpdate":false,"showSkybox":true,"showFlares":true,"showImageEffects":true,"showParticleSystems":true},"in2DMode":false,"pivot":{"x":59.97605895996094,"y":16.95005989074707,"z":53.9119873046875},"rotation":{"x":0.019725777208805085,"y":-0.9727708101272583,"z":0.21885749697685243,"w":0.07491064071655274},"size":61.294246673583987,"orthographic":false}