{"cameraMode":{"drawMode":0,"name":"Shaded","section":"Shading Mode"},"sceneLighting":false,"audioPlay":false,"sceneViewState":{"showFog":true,"showMaterialUpdate":false,"showSkybox":true,"showFlares":true,"showImageEffects":true,"showParticleSystems":true},"in2DMode":false,"pivot":{"x":174.76773071289063,"y":8.878442764282227,"z":67.13495635986328},"rotation":{"x":-0.1056833267211914,"y":-0.7119796872138977,"z":0.10982490330934525,"w":-0.6855817437171936},"size":18.710960388183595,"orthographic":false}