{"cameraMode":{"drawMode":0,"name":"Shaded","section":"Shading Mode"},"sceneLighting":false,"audioPlay":false,"sceneViewState":{"showFog":true,"showMaterialUpdate":false,"showSkybox":false,"showFlares":true,"showImageEffects":true,"showParticleSystems":true},"in2DMode":false,"pivot":{"x":765.4965209960938,"y":194.2704620361328,"z":-21.65503692626953},"rotation":{"x":-0.016272686421871187,"y":-0.06548946350812912,"z":-0.004068067763000727,"w":0.997717022895813},"size":696.9518432617188,"orthographic":false}