{"cameraMode":{"drawMode":0,"name":"Shaded","section":"Shading Mode"},"sceneLighting":false,"audioPlay":false,"sceneViewState":{"showFog":true,"showMaterialUpdate":false,"showSkybox":true,"showFlares":true,"showImageEffects":true,"showParticleSystems":true},"in2DMode":false,"pivot":{"x":-5.7417168617248539,"y":4.0021820068359379,"z":-3.9580307006835939},"rotation":{"x":-0.0538785494863987,"y":0.062269192188978198,"z":-0.0032733965199440719,"w":-0.9966870546340942},"size":1.9132130146026612,"orthographic":false}