{"cameraMode":{"drawMode":0,"name":"Shaded","section":"Shading Mode"},"sceneLighting":false,"audioPlay":false,"sceneViewState":{"showFog":true,"showMaterialUpdate":false,"showSkybox":true,"showFlares":true,"showImageEffects":true,"showParticleSystems":true},"in2DMode":false,"pivot":{"x":169.97120666503907,"y":14.952484130859375,"z":73.86563873291016},"rotation":{"x":-0.17015647888183595,"y":0.565000593662262,"z":0.12042564153671265,"w":0.7983225584030151},"size":13.531230926513672,"orthographic":false}