{"cameraMode":{"drawMode":0,"name":"Shaded","section":"Shading Mode"},"sceneLighting":false,"audioPlay":false,"sceneViewState":{"showFog":true,"showMaterialUpdate":false,"showSkybox":true,"showFlares":true,"showImageEffects":true,"showParticleSystems":true},"in2DMode":false,"pivot":{"x":4.807454586029053,"y":11.271964073181153,"z":-0.19002504646778108},"rotation":{"x":0.03954373672604561,"y":0.4166853725910187,"z":-0.018097223713994027,"w":0.9080660939216614},"size":0.6000572443008423,"orthographic":false}