{"cameraMode":{"drawMode":0,"name":"Shaded","section":"Shading Mode"},"sceneLighting":false,"audioPlay":false,"sceneViewState":{"showFog":true,"showMaterialUpdate":false,"showSkybox":true,"showFlares":true,"showImageEffects":true,"showParticleSystems":true},"in2DMode":false,"pivot":{"x":18.6005859375,"y":15.740462303161621,"z":74.06391906738281},"rotation":{"x":-0.021498695015907289,"y":0.7375307083129883,"z":0.019207661971449853,"w":0.6749458312988281},"size":1.585895299911499,"orthographic":false}