{"cameraMode":{"drawMode":0,"name":"Shaded","section":"Shading Mode"},"sceneLighting":false,"audioPlay":false,"sceneViewState":{"showFog":true,"showMaterialUpdate":false,"showSkybox":true,"showFlares":true,"showImageEffects":true,"showParticleSystems":true},"in2DMode":false,"pivot":{"x":-6.749998092651367,"y":1.710003137588501,"z":22.90899658203125},"rotation":{"x":-0.062289025634527209,"y":0.9400834441184998,"z":-0.21562255918979646,"w":-0.2577444314956665},"size":5.031460285186768,"orthographic":false}