{"cameraMode":{"drawMode":0,"name":"Shaded","section":"Shading Mode"},"sceneLighting":false,"audioPlay":false,"sceneViewState":{"showFog":true,"showMaterialUpdate":false,"showSkybox":true,"showFlares":true,"showImageEffects":true,"showParticleSystems":true},"in2DMode":false,"pivot":{"x":116.02180480957031,"y":23.479503631591798,"z":119.0685043334961},"rotation":{"x":0.036903783679008487,"y":0.9446423053741455,"z":-0.12463213503360748,"w":0.3021625876426697},"size":2.5090084075927736,"orthographic":false}