{"cameraMode":{"drawMode":0,"name":"Shaded","section":"Shading Mode"},"sceneLighting":false,"audioPlay":false,"sceneViewState":{"showFog":true,"showMaterialUpdate":false,"showSkybox":true,"showFlares":true,"showImageEffects":true,"showParticleSystems":true},"in2DMode":false,"pivot":{"x":101.29473876953125,"y":7.641006946563721,"z":73.51799774169922},"rotation":{"x":-0.0017437454080209137,"y":0.9905804991722107,"z":-0.13639706373214723,"w":-0.012666869908571244},"size":10.449999809265137,"orthographic":false}