{"cameraMode":{"drawMode":0,"name":"Shaded","section":"Shading Mode"},"sceneLighting":true,"audioPlay":false,"sceneViewState":{"showFog":true,"showMaterialUpdate":false,"showSkybox":true,"showFlares":true,"showImageEffects":true,"showParticleSystems":true},"in2DMode":false,"pivot":{"x":863.2681884765625,"y":-509.95697021484377,"z":69.02606201171875},"rotation":{"x":-0.22871935367584229,"y":-0.6536619663238525,"z":0.21734200417995454,"w":-0.6878779530525208},"size":1246.06201171875,"orthographic":false}